name,description,price,photo_url,type
KIVIK Sofa with chaise,Sofa with chaise,"1,299",https://www.ikea.com/us/en/images/products/kivik-sofa-with-chaise-tresund-light-beige__1124123_pe875030_s5.jpg?f=xxs, Sofa
LINANaS Sofa,Sofa,399,https://www.ikea.com/us/en/images/products/linanaes-sofa-with-chaise-vissle-dark-gray__1013908_pe829460_s5.jpg?f=xxs, Sofa
MORABO Sleeper sofa,Sleeper sofa,"1,699",https://www.ikea.com/us/en/images/products/morabo-sleeper-sofa-grann-bomstad-golden-brown-wood__1170151_pe892700_s5.jpg?f=xxs, Sofa
UPPLAND Sofa,Sofa,849,https://www.ikea.com/us/en/images/products/uppland-sofa-blekinge-white__0818565_pe774487_s5.jpg?f=xxs, Sofa
"FRIHETEN Sleeper sectional,3 seat w/storage","Sleeper sectional,3 seat w/storage",899,https://www.ikea.com/us/en/images/products/friheten-sleeper-sectional-3-seat-w-storage-skiftebo-dark-gray__0175610_pe328883_s5.jpg?f=xxs, Sofa
LINANaS Sofa,Sofa,299,https://www.ikea.com/us/en/images/products/linanaes-sofa-vissle-dark-gray__1013898_pe829450_s5.jpg?f=xxs, Sofa
MORABO Sofa,Sofa,699,https://www.ikea.com/us/en/images/products/morabo-sofa-gunnared-dark-gray-wood__0602117_pe680186_s5.jpg?f=xxs, Sofa
KIVIK Sofa,Sofa,749,https://www.ikea.com/us/en/images/products/kivik-sofa-tibbleby-beige-gray__1056144_pe848277_s5.jpg?f=xxs, Sofa
"KIVIK Sectional, 5-seat corner","Sectional, 5-seat corner","1,449",https://www.ikea.com/us/en/images/products/kivik-sectional-5-seat-corner-tibbleby-beige-gray__1056106_pe848241_s5.jpg?f=xxs, Sofa
HYLTARP Sofa,Sofa,"1,049",https://www.ikea.com/us/en/images/products/hyltarp-sofa-gransel-natural__1193814_pe901641_s5.jpg?f=xxs, Sofa
FINNALA Sofa,Sofa,"1,599",https://www.ikea.com/us/en/images/products/finnala-sofa-with-chaise-gunnared-beige__0514360_pe639436_s5.jpg?f=xxs, Sofa
GLOSTAD Loveseat,Loveseat,149,https://www.ikea.com/us/en/images/products/glostad-loveseat-knisa-dark-gray__0950864_pe800736_s5.jpg?f=xxs, Sofa
MORABO Sofa,Sofa,"1,249",https://www.ikea.com/us/en/images/products/morabo-sofa-grann-bomstad-golden-brown-wood__0602112_pe680181_s5.jpg?f=xxs, Sofa
MORABO Sleeper sofa,Sleeper sofa,"1,699",https://www.ikea.com/us/en/images/products/morabo-sleeper-sofa-grann-bomstad-golden-brown-wood__1170151_pe892700_s5.jpg?f=xxs, Sofa
KLIPPAN Loveseat,Loveseat,399,https://www.ikea.com/us/en/images/products/klippan-loveseat-bomstad-black__0562963_pe663653_s5.jpg?f=xxs, Sofa
MORABO Loveseat,Loveseat,"1,199",https://www.ikea.com/us/en/images/products/morabo-loveseat-grann-bomstad-dark-beige-wood__0609047_pe684289_s5.jpg?f=xxs, Sofa
MORABO Sofa,Sofa,"1,849",https://www.ikea.com/us/en/images/products/morabo-sofa-with-chaise-grann-bomstad-golden-brown-wood__0602358_pe680291_s5.jpg?f=xxs, Sofa
FRIHETEN Sleeper sofa,Sleeper sofa,899,https://www.ikea.com/us/en/images/products/friheten-sleeper-sofa-bomstad-black__0325717_pe523061_s5.jpg?f=xxs, Sofa
"MORABO Sectional, 4-seat","Sectional, 4-seat","1,899",https://www.ikea.com/us/en/images/products/morabo-sectional-4-seat-with-chaise-grann-bomstad-black-metal__0320981_pe514792_s5.jpg?f=xxs, Sofa
FINNALA Sofa,Sofa,"1,599",https://www.ikea.com/us/en/images/products/finnala-sofa-grann-bomstad-black__0817362_pe773988_s5.jpg?f=xxs, Sofa
VISKAFORS Sofa,Sofa,"1,899",https://www.ikea.com/us/en/images/products/viskafors-sofa-hoegalid-brown-brown__1088070_pe861045_s5.jpg?f=xxs, Sofa
STOCKHOLM Sofa,Sofa,"2,499",https://www.ikea.com/us/en/images/products/stockholm-sofa-seglora-natural__0183763_pe334809_s5.jpg?f=xxs, Sofa
KIVIK Sofa,Sofa,"1,199",https://www.ikea.com/us/en/images/products/kivik-sofa-grann-bomstad-black__0137863_pe296632_s5.jpg?f=xxs, Sofa
"MORABO Sectional, 5-seat corner","Sectional, 5-seat corner","2,199",https://www.ikea.com/us/en/images/products/morabo-sectional-5-seat-corner-grann-bomstad-golden-brown-wood__0602458_pe680369_s5.jpg?f=xxs, Sofa
KIVIK Sofa,Sofa,"1,799",https://www.ikea.com/us/en/images/products/kivik-sofa-with-chaise-grann-bomstad-black__0124784_pe281696_s5.jpg?f=xxs, Sofa
FINNALA Sofa,Sofa,"1,699",https://www.ikea.com/us/en/images/products/finnala-sofa-with-headrest-grann-bomstad-golden-brown__0817213_pe773907_s5.jpg?f=xxs, Sofa
"MORABO Sectional, 5-seat","Sectional, 5-seat","2,849",https://www.ikea.com/us/en/images/products/morabo-sectional-5-seat-with-chaise-grann-bomstad-golden-brown-wood__0602478_pe680388_s5.jpg?f=xxs, Sofa
MORABO 5-seat sofa with chaises,5-seat sofa with chaises,"2,549",https://www.ikea.com/us/en/images/products/morabo-5-seat-sofa-with-chaises-grann-bomstad-golden-brown-wood__0602489_pe680398_s5.jpg?f=xxs, Sofa
VISKAFORS Loveseat,Loveseat,"1,699",https://www.ikea.com/us/en/images/products/viskafors-loveseat-hoegalid-brown-brown__1088061_pe861036_s5.jpg?f=xxs, Sofa
FINNALA Sleeper sofa,Sleeper sofa,"2,749",https://www.ikea.com/us/en/images/products/finnala-sleeper-sofa-with-chaise-grann-bomstad-golden-brown__0817409_pe774009_s5.jpg?f=xxs, Sofa
FINNALA Loveseat,Loveseat,"1,499",https://www.ikea.com/us/en/images/products/finnala-loveseat-grann-bomstad-golden-brown__0817323_pe773958_s5.jpg?f=xxs, Sofa
KIVIK Loveseat,Loveseat,"1,049",https://www.ikea.com/us/en/images/products/kivik-loveseat-grann-bomstad-black__0115161_pe268373_s5.jpg?f=xxs, Sofa
"FINNALA Sectional, 4-seat","Sectional, 4-seat","2,399",https://www.ikea.com/us/en/images/products/finnala-sectional-4-seat-with-chaise-grann-bomstad-black__0817644_pe774072_s5.jpg?f=xxs, Sofa
FINNALA Sofa,Sofa,"2,299",https://www.ikea.com/us/en/images/products/finnala-sofa-with-chaise-grann-bomstad-golden-brown__0817417_pe774005_s5.jpg?f=xxs, Sofa
"KIVIK Sectional, 4-seat","Sectional, 4-seat","1,949",https://www.ikea.com/us/en/images/products/kivik-sectional-4-seat-with-chaise-grann-bomstad-black__0151451_pe309530_s5.jpg?f=xxs, Sofa
"FINNALA Sectional, 5-seat corner","Sectional, 5-seat corner","3,299",https://www.ikea.com/us/en/images/products/finnala-sectional-5-seat-corner-grann-bomstad-golden-brown__0817669_pe774093_s5.jpg?f=xxs, Sofa
"FINNALA Sectional, 5-seat corner","Sectional, 5-seat corner","3,299",https://www.ikea.com/us/en/images/products/finnala-sectional-5-seat-corner-grann-bomstad-golden-brown__0817669_pe774093_s5.jpg?f=xxs, Sofa
"FINNALA Sectional, 5-seat corner","Sectional, 5-seat corner","3,999",https://www.ikea.com/us/en/images/products/finnala-sectional-5-seat-corner-with-chaise-grann-bomstad-black__0817692_pe776083_s5.jpg?f=xxs, Sofa
"FINNALA Sectional, 4-seat","Sectional, 4-seat","2,399",https://www.ikea.com/us/en/images/products/finnala-sectional-4-seat-with-chaise-grann-bomstad-black__0817644_pe774072_s5.jpg?f=xxs, Sofa
KIVIK Sofa,Sofa,"1,799",https://www.ikea.com/us/en/images/products/kivik-sofa-with-chaise-grann-bomstad-black__0124784_pe281696_s5.jpg?f=xxs, Sofa
"KIVIK Sectional, 4-seat","Sectional, 4-seat","1,949",https://www.ikea.com/us/en/images/products/kivik-sectional-4-seat-with-chaise-grann-bomstad-black__0151451_pe309530_s5.jpg?f=xxs, Sofa
"FINNALA Sectional, 4-seat corner","Sectional, 4-seat corner","2,779",https://www.ikea.com/us/en/images/products/finnala-sectional-4-seat-corner-with-open-end-grann-bomstad-black__0817656_pe774086_s5.jpg?f=xxs, Sofa
KIVIK Sofa,Sofa,"1,199",https://www.ikea.com/us/en/images/products/kivik-sofa-grann-bomstad-black__0137863_pe296632_s5.jpg?f=xxs, Sofa
"FINNALA Corner sleeper sofa, 5-seat","Corner sleeper sofa, 5-seat","4,449",https://www.ikea.com/us/en/images/products/finnala-corner-sleeper-sofa-5-seat-with-chaise-grann-bomstad-black__0817698_pe776082_s5.jpg?f=xxs, Sofa
FINNALA Sofa,Sofa,"2,399",https://www.ikea.com/us/en/images/products/finnala-sofa-with-chaise-with-headrest-grann-bomstad-golden-brown__0817210_pe773910_s5.jpg?f=xxs, Sofa
FINNALA Sofa,Sofa,"1,699",https://www.ikea.com/us/en/images/products/finnala-sofa-with-headrest-grann-bomstad-golden-brown__0817213_pe773907_s5.jpg?f=xxs, Sofa
KIVIK Loveseat,Loveseat,"1,049",https://www.ikea.com/us/en/images/products/kivik-loveseat-grann-bomstad-black__0115161_pe268373_s5.jpg?f=xxs, Sofa
"FINNALA Sectional, 5-seat corner","Sectional, 5-seat corner","3,299",https://www.ikea.com/us/en/images/products/finnala-sectional-5-seat-corner-grann-bomstad-black__0817667_pe774091_s5.jpg?f=xxs, Sofa
"FINNALA Sectional, 5-seat corner","Sectional, 5-seat corner","3,999",https://www.ikea.com/us/en/images/products/finnala-sectional-5-seat-corner-with-chaise-grann-bomstad-golden-brown__0817694_pe776084_s5.jpg?f=xxs, Sofa
"FINNALA Sectional, 4-seat","Sectional, 4-seat","2,399",https://www.ikea.com/us/en/images/products/finnala-sectional-4-seat-with-chaise-grann-bomstad-golden-brown__0817646_pe774070_s5.jpg?f=xxs, Sofa
"MALM Bed frame, Queen","Bed frame,",269,https://www.ikea.com/us/en/images/products/malm-bed-frame-black-brown-luroey__0638608_pe699032_s5.jpg?f=xxs, Bed
"MALM High bed frame/2 storage boxes, Queen","High bed frame/2 storage boxes,",349,https://www.ikea.com/us/en/images/products/malm-high-bed-frame-2-storage-boxes-black-brown-luroey__1154412_pe886059_s5.jpg?f=xxs, Bed
"SLATTUM Upholstered bed frame, Queen","Upholstered bed frame,",149,https://www.ikea.com/us/en/images/products/slattum-upholstered-bed-frame-vissle-dark-gray__1259335_pe926650_s5.jpg?f=xxs, Bed
"TARVA Bed frame, Queen","Bed frame,",179,https://www.ikea.com/us/en/images/products/tarva-bed-frame-pine-luroey__0637611_pe698421_s5.jpg?f=xxs, Bed
"HEMNES Bed frame, Queen","Bed frame,",349,https://www.ikea.com/us/en/images/products/hemnes-bed-frame-white-stain-luroey__0637516_pe698353_s5.jpg?f=xxs, Bed
"BRIMNES Bed frame with storage, Queen","Bed frame with storage,",349,https://www.ikea.com/us/en/images/products/brimnes-bed-frame-with-storage-white-luroey__1151024_pe884762_s5.jpg?f=xxs, Bed
"NEIDEN Bed frame, Full","Bed frame,",59,https://www.ikea.com/us/en/images/products/neiden-bed-frame-pine__0749131_pe745500_s5.jpg?f=xxs, Bed
"SAGSTUA Bed frame, Full","Bed frame,",219,https://www.ikea.com/us/en/images/products/sagstua-bed-frame-black-luroey__0783215_pe761511_s5.jpg?f=xxs, Bed
"BRIMNES Bed frame with storage & headboard, Queen","Bed frame with storage & headboard,",499,https://www.ikea.com/us/en/images/products/brimnes-bed-frame-with-storage-headboard-black-luroey__1151053_pe884765_s5.jpg?f=xxs, Bed
"TaLLaSEN Upholstered bed frame, Queen","Upholstered bed frame,",399,https://www.ikea.com/us/en/images/products/taellasen-upholstered-bed-frame-kulsta-gray-green-luroey__1239398_pe918880_s5.jpg?f=xxs, Bed
"SONGESAND Bed frame, Queen","Bed frame,",299,https://www.ikea.com/us/en/images/products/songesand-bed-frame-brown-luroey__0638582_pe699001_s5.jpg?f=xxs, Bed
"NORDLI Bed with headboard and storage, Queen","Bed with headboard and storage,",649,https://www.ikea.com/us/en/images/products/nordli-bed-with-headboard-and-storage-anthracite__1151020_pe884726_s5.jpg?f=xxs, Bed
"IDANaS Upholstered bed frame, Queen","Upholstered bed frame,",599,https://www.ikea.com/us/en/images/products/idanaes-upholstered-bed-frame-gunnared-dark-gray__0953726_pe802891_s5.jpg?f=xxs, Bed
"MALM High bed frame/4 storage boxes, Queen","High bed frame/4 storage boxes,",429,https://www.ikea.com/us/en/images/products/malm-high-bed-frame-4-storage-boxes-white-luroey__1154393_pe886042_s5.jpg?f=xxs, Bed
"KLEPPSTAD Bed frame, Queen","Bed frame,",199,https://www.ikea.com/us/en/images/products/kleppstad-bed-frame-white-vissle-beige__1035340_pe840527_s5.jpg?f=xxs, Bed
"GRIMSBU Bed frame, Queen","Bed frame,",79,https://www.ikea.com/us/en/images/products/grimsbu-bed-frame-gray__0749249_pe747240_s5.jpg?f=xxs, Bed
"YTTERVaG Four-poster bed frame, King","Four-poster bed frame,",749,https://www.ikea.com/us/en/images/products/yttervag-four-poster-bed-frame-gray-brown-luroey__1014365_pe829631_s5.jpg?f=xxs, Bed
"IDANaS Bed frame, Queen","Bed frame,",279,https://www.ikea.com/us/en/images/products/idanaes-bed-frame-white__0916067_pe784943_s5.jpg?f=xxs, Bed
"GLADSTAD Upholstered bed, 2 storage boxes , Queen","Upholstered bed, 2 storage boxes ,",299,https://www.ikea.com/us/en/images/products/gladstad-upholstered-bed-2-storage-boxes-kabusa-light-gray__1116349_pe872495_s5.jpg?f=xxs, Bed
"BJaRKSNaS Bed frame, Queen","Bed frame,",499,https://www.ikea.com/us/en/images/products/bjoerksnaes-bed-frame-birch-birch-veneer-luroey__1175828_pe894830_s5.jpg?f=xxs, Bed
"VEVELSTAD Bed frame, Queen","Bed frame,",149,https://www.ikea.com/us/en/images/products/vevelstad-bed-frame-white__1035358_pe840534_s5.jpg?f=xxs, Bed
"VEVELSTAD Bed frame with 2 headboards, Queen","Bed frame with 2 headboards,",269,https://www.ikea.com/us/en/images/products/vevelstad-bed-frame-with-2-headboards-white-tolkning-rattan__1115627_pe872169_s5.jpg?f=xxs, Bed
"HAUGA Upholstered bed frame, Queen","Upholstered bed frame,",399,https://www.ikea.com/us/en/images/products/hauga-upholstered-bed-frame-lofallet-beige__0848954_pe781056_s5.jpg?f=xxs, Bed
"TUFJORD Upholstered bed frame, Queen","Upholstered bed frame,",549,https://www.ikea.com/us/en/images/products/tufjord-upholstered-bed-frame-tallmyra-white-black__1259500_pe926690_s5.jpg?f=xxs, Bed
"MALM High bed frame/2 storage boxes, Queen","High bed frame/2 storage boxes,",349,https://www.ikea.com/us/en/images/products/malm-high-bed-frame-2-storage-boxes-black-brown-luroey__1154412_pe886059_s5.jpg?f=xxs, Bed
"BRIMNES Bed frame with storage, Queen","Bed frame with storage,",349,https://www.ikea.com/us/en/images/products/brimnes-bed-frame-with-storage-white-luroey__1151024_pe884762_s5.jpg?f=xxs, Bed
"BRIMNES Bed frame with storage & headboard, Queen","Bed frame with storage & headboard,",499,https://www.ikea.com/us/en/images/products/brimnes-bed-frame-with-storage-headboard-black-luroey__1151053_pe884765_s5.jpg?f=xxs, Bed
"MALM High bed frame/4 storage boxes, Queen","High bed frame/4 storage boxes,",429,https://www.ikea.com/us/en/images/products/malm-high-bed-frame-4-storage-boxes-white-luroey__1154393_pe886042_s5.jpg?f=xxs, Bed
"NORDLI Bed with headboard and storage, Queen","Bed with headboard and storage,",649,https://www.ikea.com/us/en/images/products/nordli-bed-with-headboard-and-storage-anthracite__1151020_pe884726_s5.jpg?f=xxs, Bed
"GLADSTAD Upholstered bed, 2 storage boxes , Queen","Upholstered bed, 2 storage boxes ,",299,https://www.ikea.com/us/en/images/products/gladstad-upholstered-bed-2-storage-boxes-kabusa-light-gray__1116349_pe872495_s5.jpg?f=xxs, Bed
"MALM Storage bed, Queen","Storage bed,",549,https://www.ikea.com/us/en/images/products/malm-storage-bed-white__0749127_pe745496_s5.jpg?f=xxs, Bed
"SONGESAND Bed frame with 4 storage boxes, Queen","Bed frame with 4 storage boxes,",499,https://www.ikea.com/us/en/images/products/songesand-bed-frame-with-4-storage-boxes-brown-luroey__1151018_pe884725_s5.jpg?f=xxs, Bed
"IDANaS Upholstered storage bed, Queen","Upholstered storage bed,",799,https://www.ikea.com/us/en/images/products/idanaes-upholstered-storage-bed-gunnared-dark-gray__1151051_pe884753_s5.jpg?f=xxs, Bed
"SONGESAND Bed frame with 2 storage boxes, Full/Double","Bed frame with 2 storage boxes,",369,https://www.ikea.com/us/en/images/products/songesand-bed-frame-with-2-storage-boxes-white-luroey__1151019_pe884760_s5.jpg?f=xxs, Bed
"NORDLI Bed frame with storage, Queen","Bed frame with storage,",499,https://www.ikea.com/us/en/images/products/nordli-bed-frame-with-storage-white__1151058_pe884758_s5.jpg?f=xxs, Bed
"HEMNES Bed frame with 4 storage boxes, King","Bed frame with 4 storage boxes,",649,https://www.ikea.com/us/en/images/products/hemnes-bed-frame-with-4-storage-boxes-black-brown-luroey__0948874_pe799343_s5.jpg?f=xxs, Bed
"SLaKT Bed frame w/storage+slatted bedbase, Twin","Bed frame w/storage+slatted bedbase,",429,https://www.ikea.com/us/en/images/products/slaekt-bed-frame-w-storage-slatted-bedbase-white__0648346_pe704865_s5.jpg?f=xxs, Bed
"IDANaS Bed frame with storage, Queen","Bed frame with storage,",729,https://www.ikea.com/us/en/images/products/idanaes-bed-frame-with-storage-dark-brown-luroey__1151052_pe884754_s5.jpg?f=xxs, Bed
"HAUGA Upholstered bed, 4 storage boxes , Queen","Upholstered bed, 4 storage boxes ,",599,https://www.ikea.com/us/en/images/products/hauga-upholstered-bed-4-storage-boxes-lofallet-beige__1177943_pe895554_s5.jpg?f=xxs, Bed
"BRIMNES Daybed frame with 2 drawers, Twin","Daybed frame with 2 drawers,",249,https://www.ikea.com/us/en/images/products/brimnes-daybed-frame-with-2-drawers-white__1161827_pe889528_s5.jpg?f=xxs, Bed
"MALM High bed frame/2 storage boxes, Twin","High bed frame/2 storage boxes,",249,https://www.ikea.com/us/en/images/products/malm-high-bed-frame-2-storage-boxes-white__1154404_pe886051_s5.jpg?f=xxs, Bed
"GLADSTAD Upholstered bed, 4 storage boxes , Queen","Upholstered bed, 4 storage boxes ,",399,https://www.ikea.com/us/en/images/products/gladstad-upholstered-bed-4-storage-boxes-kabusa-light-gray__1116349_pe872495_s5.jpg?f=xxs, Bed
"HEMNES Daybed frame with 3 drawers, Twin","Daybed frame with 3 drawers,",399,https://www.ikea.com/us/en/images/products/hemnes-daybed-frame-with-3-drawers-white__1180454_pe896328_s5.jpg?f=xxs, Bed
"HEMNES Bed frame with 2 storage boxes, Full","Bed frame with 2 storage boxes,",429,https://www.ikea.com/us/en/images/products/hemnes-bed-frame-with-2-storage-boxes-white-stain-luroey__1154514_pe886090_s5.jpg?f=xxs, Bed
"NORDLI Bed frame with storage, Queen","Bed frame with storage,",499,https://www.ikea.com/us/en/images/products/nordli-bed-frame-with-storage-anthracite__1151029_pe884733_s5.jpg?f=xxs, Bed
"HEMNES Bed frame with 4 storage boxes, Queen","Bed frame with 4 storage boxes,",619,https://www.ikea.com/us/en/images/products/hemnes-bed-frame-with-4-storage-boxes-white-stain-loenset__1154513_pe886108_s5.jpg?f=xxs, Bed
"SLaKT Bed frame w/pull-out bed + storage, Twin","Bed frame w/pull-out bed + storage,",349,https://www.ikea.com/us/en/images/products/slaekt-bed-frame-w-pull-out-bed-storage-white__0637775_pe698535_s5.jpg?f=xxs, Bed
"HAUGA Upholstered bed, 2 storage boxes , Queen","Upholstered bed, 2 storage boxes ,",499,https://www.ikea.com/us/en/images/products/hauga-upholstered-bed-2-storage-boxes-lofallet-beige__1151055_pe884717_s5.jpg?f=xxs, Bed
"MALM High bed frame/2 storage boxes, Queen","High bed frame/2 storage boxes,",349,https://www.ikea.com/us/en/images/products/malm-high-bed-frame-2-storage-boxes-black-brown-luroey__1154412_pe886059_s5.jpg?f=xxs, Bed
"BRIMNES Bed frame with storage, Queen","Bed frame with storage,",349,https://www.ikea.com/us/en/images/products/brimnes-bed-frame-with-storage-white-luroey__1151024_pe884762_s5.jpg?f=xxs, Bed
"BRIMNES Bed frame with storage & headboard, Queen","Bed frame with storage & headboard,",499,https://www.ikea.com/us/en/images/products/brimnes-bed-frame-with-storage-headboard-black-luroey__1151053_pe884765_s5.jpg?f=xxs, Bed
"MALM High bed frame/4 storage boxes, Queen","High bed frame/4 storage boxes,",429,https://www.ikea.com/us/en/images/products/malm-high-bed-frame-4-storage-boxes-white-luroey__1154393_pe886042_s5.jpg?f=xxs, Bed
"NORDLI Bed with headboard and storage, Queen","Bed with headboard and storage,",649,https://www.ikea.com/us/en/images/products/nordli-bed-with-headboard-and-storage-anthracite__1151020_pe884726_s5.jpg?f=xxs, Bed
"GLADSTAD Upholstered bed, 2 storage boxes , Queen","Upholstered bed, 2 storage boxes ,",299,https://www.ikea.com/us/en/images/products/gladstad-upholstered-bed-2-storage-boxes-kabusa-light-gray__1116349_pe872495_s5.jpg?f=xxs, Bed
"MALM Storage bed, Queen","Storage bed,",549,https://www.ikea.com/us/en/images/products/malm-storage-bed-white__0749127_pe745496_s5.jpg?f=xxs, Bed
"SONGESAND Bed frame with 4 storage boxes, Queen","Bed frame with 4 storage boxes,",499,https://www.ikea.com/us/en/images/products/songesand-bed-frame-with-4-storage-boxes-brown-luroey__1151018_pe884725_s5.jpg?f=xxs, Bed
"IDANaS Upholstered storage bed, Queen","Upholstered storage bed,",799,https://www.ikea.com/us/en/images/products/idanaes-upholstered-storage-bed-gunnared-dark-gray__1151051_pe884753_s5.jpg?f=xxs, Bed
"SONGESAND Bed frame with 2 storage boxes, Full/Double","Bed frame with 2 storage boxes,",369,https://www.ikea.com/us/en/images/products/songesand-bed-frame-with-2-storage-boxes-white-luroey__1151019_pe884760_s5.jpg?f=xxs, Bed
"NORDLI Bed frame with storage, Queen","Bed frame with storage,",499,https://www.ikea.com/us/en/images/products/nordli-bed-frame-with-storage-white__1151058_pe884758_s5.jpg?f=xxs, Bed
"HEMNES Bed frame with 4 storage boxes, King","Bed frame with 4 storage boxes,",649,https://www.ikea.com/us/en/images/products/hemnes-bed-frame-with-4-storage-boxes-black-brown-luroey__0948874_pe799343_s5.jpg?f=xxs, Bed
"SLaKT Bed frame w/storage+slatted bedbase, Twin","Bed frame w/storage+slatted bedbase,",429,https://www.ikea.com/us/en/images/products/slaekt-bed-frame-w-storage-slatted-bedbase-white__0648346_pe704865_s5.jpg?f=xxs, Bed
"IDANaS Bed frame with storage, Queen","Bed frame with storage,",729,https://www.ikea.com/us/en/images/products/idanaes-bed-frame-with-storage-dark-brown-luroey__1151052_pe884754_s5.jpg?f=xxs, Bed
"HAUGA Upholstered bed, 4 storage boxes , Queen","Upholstered bed, 4 storage boxes ,",599,https://www.ikea.com/us/en/images/products/hauga-upholstered-bed-4-storage-boxes-lofallet-beige__1177943_pe895554_s5.jpg?f=xxs, Bed
"BRIMNES Daybed frame with 2 drawers, Twin","Daybed frame with 2 drawers,",249,https://www.ikea.com/us/en/images/products/brimnes-daybed-frame-with-2-drawers-white__1161827_pe889528_s5.jpg?f=xxs, Bed
"MALM High bed frame/2 storage boxes, Twin","High bed frame/2 storage boxes,",249,https://www.ikea.com/us/en/images/products/malm-high-bed-frame-2-storage-boxes-white__1154404_pe886051_s5.jpg?f=xxs, Bed
"GLADSTAD Upholstered bed, 4 storage boxes , Queen","Upholstered bed, 4 storage boxes ,",399,https://www.ikea.com/us/en/images/products/gladstad-upholstered-bed-4-storage-boxes-kabusa-light-gray__1116349_pe872495_s5.jpg?f=xxs, Bed
"HEMNES Daybed frame with 3 drawers, Twin","Daybed frame with 3 drawers,",399,https://www.ikea.com/us/en/images/products/hemnes-daybed-frame-with-3-drawers-white__1180454_pe896328_s5.jpg?f=xxs, Bed
"HEMNES Bed frame with 2 storage boxes, Full","Bed frame with 2 storage boxes,",429,https://www.ikea.com/us/en/images/products/hemnes-bed-frame-with-2-storage-boxes-white-stain-luroey__1154514_pe886090_s5.jpg?f=xxs, Bed
"NORDLI Bed frame with storage, Queen","Bed frame with storage,",499,https://www.ikea.com/us/en/images/products/nordli-bed-frame-with-storage-anthracite__1151029_pe884733_s5.jpg?f=xxs, Bed
"HEMNES Bed frame with 4 storage boxes, Queen","Bed frame with 4 storage boxes,",619,https://www.ikea.com/us/en/images/products/hemnes-bed-frame-with-4-storage-boxes-white-stain-loenset__1154513_pe886108_s5.jpg?f=xxs, Bed
"SLaKT Bed frame w/pull-out bed + storage, Twin","Bed frame w/pull-out bed + storage,",349,https://www.ikea.com/us/en/images/products/slaekt-bed-frame-w-pull-out-bed-storage-white__0637775_pe698535_s5.jpg?f=xxs, Bed
"HAUGA Upholstered bed, 2 storage boxes , Queen","Upholstered bed, 2 storage boxes ,",499,https://www.ikea.com/us/en/images/products/hauga-upholstered-bed-2-storage-boxes-lofallet-beige__1151055_pe884717_s5.jpg?f=xxs, Bed
"NaMMARa 4-seat conversation set, outdoor","4-seat conversation set, outdoor",700,https://www.ikea.com/us/en/images/products/naemmaroe-4-seat-conversation-set-outdoor-light-brown-stained-froesoen-duvholmen-beige__1174533_pe894523_s5.jpg?f=xxs, outdoor
"SKARPa Armchair, outdoor","Armchair, outdoor",79,https://www.ikea.com/us/en/images/products/skarpoe-armchair-outdoor-white__0729491_pe737010_s5.jpg?f=xxs, outdoor
"NaMMARa Modular corner sofa, 3-seat","Modular corner sofa, 3-seat",720,https://www.ikea.com/us/en/images/products/naemmaroe-modular-corner-sofa-3-seat-outdoor-light-brown-stained-froesoen-duvholmen-beige__1213447_pe911141_s5.jpg?f=xxs, outdoor
"NaMMARa 3-seat modular sofa, outdoor","3-seat modular sofa, outdoor",515,https://www.ikea.com/us/en/images/products/naemmaroe-3-seat-modular-sofa-outdoor-armrests-light-brown-stained-froesoen-duvholmen-beige__1213451_pe911143_s5.jpg?f=xxs, outdoor
"BONDHOLMEN Armchair, outdoor","Armchair, outdoor",240,https://www.ikea.com/us/en/images/products/bondholmen-armchair-outdoor-brown-froesoen-duvholmen-dark-gray__1247771_pe922785_s5.jpg?f=xxs, outdoor
REVSKaR 3-seat conversation set,3-seat conversation set,655,https://www.ikea.com/us/en/images/products/revskaer-3-seat-conversation-set-outdoor-anthracite-froesoen-duvholmen-dark-gray__1240171_pe919187_s5.jpg?f=xxs, outdoor
"NaMMARa Lounge chair, outdoor","Lounge chair, outdoor",95,https://www.ikea.com/us/en/images/products/naemmaroe-lounge-chair-outdoor-light-brown-stained__1138755_pe880055_s5.jpg?f=xxs, outdoor
"BONDHOLMEN Loveseat, outdoor","Loveseat, outdoor",420,https://www.ikea.com/us/en/images/products/bondholmen-loveseat-outdoor-brown-froesoen-duvholmen-dark-gray__1247781_pe922788_s5.jpg?f=xxs, outdoor
"NaMMARa Chair, outdoor","Chair, outdoor",155,https://www.ikea.com/us/en/images/products/naemmaroe-chair-outdoor-light-brown-stained-froesoen-duvholmen-beige__1207768_pe908166_s5.jpg?f=xxs, outdoor
"JOLPEN Loveseat, outdoor, 39 3/8x23 1/4x26 3/8 ""","Loveseat, outdoor,",89,https://www.ikea.com/us/en/images/products/jolpen-loveseat-outdoor-white-gray__1138956_pe880161_s5.jpg?f=xxs, outdoor
"NaMMARa Reclining chair, outdoor","Reclining chair, outdoor",70,https://www.ikea.com/us/en/images/products/naemmaroe-reclining-chair-outdoor-foldable-light-brown-stained__1138757_pe880057_s5.jpg?f=xxs, outdoor
"NaMMARa 3-seat modular sofa, outdoor","3-seat modular sofa, outdoor",560,https://www.ikea.com/us/en/images/products/naemmaroe-3-seat-modular-sofa-outdoor-with-footstool-light-brown-stained-kuddarna-beige__1202317_pe905878_s5.jpg?f=xxs, outdoor
"NaMMARa Modular corner sofa, 3-seat","Modular corner sofa, 3-seat",720,https://www.ikea.com/us/en/images/products/naemmaroe-modular-corner-sofa-3-seat-outdoor-light-brown-stained-froesoen-duvholmen-beige__1213447_pe911141_s5.jpg?f=xxs, outdoor
"NaMMARa 3-seat modular sofa, outdoor","3-seat modular sofa, outdoor",515,https://www.ikea.com/us/en/images/products/naemmaroe-3-seat-modular-sofa-outdoor-armrests-light-brown-stained-froesoen-duvholmen-beige__1213451_pe911143_s5.jpg?f=xxs, outdoor
"NaMMARa 3-seat modular sofa, outdoor","3-seat modular sofa, outdoor",560,https://www.ikea.com/us/en/images/products/naemmaroe-3-seat-modular-sofa-outdoor-with-footstool-light-brown-stained-kuddarna-beige__1202317_pe905878_s5.jpg?f=xxs, outdoor
"BONDHOLMEN Loveseat, outdoor","Loveseat, outdoor",420,https://www.ikea.com/us/en/images/products/bondholmen-loveseat-outdoor-brown-froesoen-duvholmen-dark-gray__1247781_pe922788_s5.jpg?f=xxs, outdoor
"NaMMARa 2-seat modular sofa, outdoor","2-seat modular sofa, outdoor",310,https://www.ikea.com/us/en/images/products/naemmaroe-2-seat-modular-sofa-outdoor-armrests-light-brown-stained-kuddarna-beige__1147799_pe883475_s5.jpg?f=xxs, outdoor
"HaGSTEN Loveseat, outdoor","Loveseat, outdoor",269,https://www.ikea.com/us/en/images/products/hoegsten-loveseat-outdoor-white__1028707_pe835497_s5.jpg?f=xxs, outdoor
"SEGERaN Sectional, 3-seat corner","Sectional, 3-seat corner",890,https://www.ikea.com/us/en/images/products/segeroen-sectional-3-seat-corner-outdoor-white-beige-froesoen-duvholmen-beige__1165550_pe890898_s5.jpg?f=xxs, outdoor
"HAVSTEN Loveseat, outdoor","Loveseat, outdoor",730,https://www.ikea.com/us/en/images/products/havsten-loveseat-outdoor-beige-beige__0729049_pe736632_s5.jpg?f=xxs, outdoor
"BONDHOLMEN Loveseat, outdoor, 54 3/4x31 7/8x28 3/4 ""","Loveseat, outdoor,",280,https://www.ikea.com/us/en/images/products/bondholmen-loveseat-outdoor-brown__1285175_pe933244_s5.jpg?f=xxs, outdoor
"JUTHOLMEN Modular corner sofa 3-seat, outdoor","Modular corner sofa 3-seat, outdoor",540,https://www.ikea.com/us/en/images/products/jutholmen-modular-corner-sofa-3-seat-outdoor-dark-gray-kuddarna-beige__0933028_pe791718_s5.jpg?f=xxs, outdoor
"SEGERaN Loveseat, outdoor","Loveseat, outdoor",500,https://www.ikea.com/us/en/images/products/segeroen-loveseat-outdoor-white-beige-froesoen-duvholmen-beige__1193063_pe901327_s5.jpg?f=xxs, outdoor
"JUTHOLMEN 2-seat modular sofa, outdoor, 57 1/2x28 3/4 ""","2-seat modular sofa, outdoor,",290,https://www.ikea.com/us/en/images/products/jutholmen-2-seat-modular-sofa-outdoor-dark-gray-kuddarna-beige__0835239_pe778358_s5.jpg?f=xxs, outdoor
"SEGERaN Loveseat, outdoor","Loveseat, outdoor",380,https://www.ikea.com/us/en/images/products/segeroen-loveseat-outdoor-white-beige-froesoen-duvholmen-beige__1199225_pe904415_s5.jpg?f=xxs, outdoor
"JUTHOLMEN 3-seat modular sofa, outdoor","3-seat modular sofa, outdoor",415,https://www.ikea.com/us/en/images/products/jutholmen-3-seat-modular-sofa-outdoor-dark-gray-kuddarna-beige__0835243_pe778361_s5.jpg?f=xxs, outdoor
"NaMMARa Modular corner sofa, 3-seat","Modular corner sofa, 3-seat",600,https://www.ikea.com/us/en/images/products/naemmaroe-modular-corner-sofa-3-seat-outdoor-light-brown-stained-kuddarna-beige__1202316_pe905879_s5.jpg?f=xxs, outdoor
"NaMMARa 3-seat modular sofa, outdoor","3-seat modular sofa, outdoor",390,https://www.ikea.com/us/en/images/products/naemmaroe-3-seat-modular-sofa-outdoor-light-brown-stained-kuddarna-beige__1147794_pe883470_s5.jpg?f=xxs, outdoor
"NaMMARa 3-seat modular sofa, outdoor","3-seat modular sofa, outdoor",440,https://www.ikea.com/us/en/images/products/naemmaroe-3-seat-modular-sofa-outdoor-armrests-light-brown-stained-kuddarna-beige__1147791_pe883467_s5.jpg?f=xxs, outdoor
"BONDHOLMEN Loveseat, outdoor","Loveseat, outdoor",460,https://www.ikea.com/us/en/images/products/bondholmen-loveseat-outdoor-brown-jaerpoen-duvholmen-anthracite__1247763_pe922782_s5.jpg?f=xxs, outdoor
"NaMMARa 2-seat modular sofa, outdoor","2-seat modular sofa, outdoor",260,https://www.ikea.com/us/en/images/products/naemmaroe-2-seat-modular-sofa-outdoor-light-brown-stained-kuddarna-beige__1147789_pe883465_s5.jpg?f=xxs, outdoor
"SEGERaN Sectional, 3-seat corner","Sectional, 3-seat corner",980,https://www.ikea.com/us/en/images/products/segeroen-sectional-3-seat-corner-outdoor-white-beige-jaerpoen-duvholmen-white__1213453_pe911145_s5.jpg?f=xxs, outdoor
"NaMMARa Chair, outdoor","Chair, outdoor",85,https://www.ikea.com/us/en/images/products/naemmaroe-chair-outdoor-light-brown-stained__1207766_pe908168_s5.jpg?f=xxs, outdoor
REVSKaR 3-seat conversation set,3-seat conversation set,400,https://www.ikea.com/us/en/images/products/revskaer-3-seat-conversation-set-anthracite-outdoor__1236726_pe917723_s5.jpg?f=xxs, outdoor
"JOLPEN Loveseat, outdoor, 39 3/8x23 1/4x26 3/8 ""","Loveseat, outdoor,",89,https://www.ikea.com/us/en/images/products/jolpen-loveseat-outdoor-white-gray__1138956_pe880161_s5.jpg?f=xxs, outdoor
"NaMMARa Seat sec for modular sofa, outdoor","Seat sec for modular sofa, outdoor",60,https://www.ikea.com/us/en/images/products/naemmaroe-seat-sec-for-modular-sofa-outdoor-light-brown-stained__1138748_pe880048_s5.jpg?f=xxs, outdoor
"JUTHOLMEN Corner section, outdoor","Corner section, outdoor",115,https://www.ikea.com/us/en/images/products/jutholmen-corner-section-outdoor-dark-gray-brown__0934845_pe792560_s5.jpg?f=xxs, outdoor
"JUTHOLMEN One-seat section, outdoor","One-seat section, outdoor",95,https://www.ikea.com/us/en/images/products/jutholmen-one-seat-section-outdoor-dark-gray-brown__0934846_pe792562_s5.jpg?f=xxs, outdoor
"SEGERaN One-seat section, outdoor","One-seat section, outdoor",120,https://www.ikea.com/us/en/images/products/segeroen-one-seat-section-outdoor-white-beige__1138770_pe880072_s5.jpg?f=xxs, outdoor
"SEGERaN Corner section, outdoor","Corner section, outdoor",155,https://www.ikea.com/us/en/images/products/segeroen-corner-section-outdoor-white-beige__1138773_pe880075_s5.jpg?f=xxs, outdoor
"HAVSTEN Armchair, outdoor","Armchair, outdoor",280,https://www.ikea.com/us/en/images/products/havsten-armchair-outdoor-beige__1138954_pe880159_s5.jpg?f=xxs, outdoor
"LaCKa Loveseat, outdoor","Loveseat, outdoor",149,https://www.ikea.com/us/en/images/products/laeckoe-loveseat-outdoor-gray__1138955_pe880166_s5.jpg?f=xxs, outdoor
"NaMMARa Backrest for modular sofa, outdoor, 23 5/8x22 1/4 ""","Backrest for modular sofa, outdoor,",25,https://www.ikea.com/us/en/images/products/naemmaroe-backrest-for-modular-sofa-outdoor-light-brown-stained__1138758_pe880058_s5.jpg?f=xxs, outdoor
"HAVSTEN Loveseat, outdoor, 70 1/2x36 1/4x29 7/8 ""","Loveseat, outdoor,",350,https://www.ikea.com/us/en/images/products/havsten-loveseat-outdoor-beige__1138950_pe880155_s5.jpg?f=xxs, outdoor
"SEKTION Base cabinet for sink + 2 doors, 36x24x30 ""","Base cabinet for sink + 2 doors,",156,https://www.ikea.com/us/en/images/products/sektion-base-cabinet-for-sink-2-doors-white-vallstena-white__1172805_pe893464_s5.jpg?f=xxs, Kitchen
"ENHET Base cabinet with 3 drawers, 24x24 3/4x30 ""","Base cabinet with 3 drawers,",208,https://www.ikea.com/us/en/images/products/enhet-base-cabinet-with-3-drawers-white-white-frame__1048155_pe843608_s5.jpg?f=xxs, Kitchen
"KNOXHULT Base cabinet with doors and drawer, 72x24x36 ""","Base cabinet with doors and drawer,",320,https://www.ikea.com/us/en/images/products/knoxhult-base-cabinet-with-doors-and-drawer-white__0630750_pe694878_s5.jpg?f=xxs, Kitchen
"SEKTION High cabinet with shelves/2 doors, 18x15x80 ""","High cabinet with shelves/2 doors,",219,https://www.ikea.com/us/en/images/products/sektion-high-cabinet-with-shelves-2-doors-white-vallstena-white__1172887_pe893711_s5.jpg?f=xxs, Kitchen
"SEKTION Wall cabinet, 15x15x30 ""","Wall cabinet,",79,https://www.ikea.com/us/en/images/products/sektion-wall-cabinet-white-vallstena-white__1173001_pe893682_s5.jpg?f=xxs, Kitchen
"SEKTION Base cabinet f/sink & waste sorting, 24x24x30 ""","Base cabinet f/sink & waste sorting,",327,https://www.ikea.com/us/en/images/products/sektion-base-cabinet-f-sink-waste-sorting-white-maximera-axstad-matt-white__0670882_pe715841_s5.jpg?f=xxs, Kitchen
"KNOXHULT Base cabinet with doors and drawer, 48x24x36 ""","Base cabinet with doors and drawer,",240,https://www.ikea.com/us/en/images/products/knoxhult-base-cabinet-with-doors-and-drawer-white__0630759_pe694887_s5.jpg?f=xxs, Kitchen
"SEKTION Corner base cabinet with carousel, 38x24x30 ""","Corner base cabinet with carousel,",270,https://www.ikea.com/us/en/images/products/sektion-corner-base-cabinet-with-carousel-white-vallstena-white__1173046_pe893689_s5.jpg?f=xxs, Kitchen
"SEKTION Wall cabinet with 2 doors, 30x15x30 ""","Wall cabinet with 2 doors,",141,https://www.ikea.com/us/en/images/products/sektion-wall-cabinet-with-2-doors-white-vallstena-white__1172917_pe893628_s5.jpg?f=xxs, Kitchen
"SEKTION / MAXIMERA Base cabinet with 3 drawers, 24x24x30 ""","Base cabinet with 3 drawers,",251,https://www.ikea.com/us/en/images/products/sektion-maximera-base-cabinet-with-3-drawers-white-vallstena-white__1172715_pe893501_s5.jpg?f=xxs, Kitchen
"SEKTION Base cabinet with shelves/2 doors, 30x24x30 ""","Base cabinet with shelves/2 doors,",154,https://www.ikea.com/us/en/images/products/sektion-base-cabinet-with-shelves-2-doors-white-vallstena-white__1172729_pe893508_s5.jpg?f=xxs, Kitchen
"SEKTION High cabinet with pull-out pantry, 24x24x90 ""","High cabinet with pull-out pantry,",673,https://www.ikea.com/us/en/images/products/sektion-high-cabinet-with-pull-out-pantry-white-vallstena-white__1172946_pe893784_s5.jpg?f=xxs, Kitchen
"SEKTION Base cabinet frame, 24x24x30 ""","Base cabinet frame,",70,https://www.ikea.com/us/en/images/products/sektion-base-cabinet-frame-white__0268620_pe406679_s5.jpg?f=xxs, Kitchen
"SEKTION High cabinet/pull-out int fittings, 15x24x80 ""","High cabinet/pull-out int fittings,",505,https://www.ikea.com/us/en/images/products/sektion-high-cabinet-pull-out-int-fittings-white-axstad-dark-gray__0971405_pe811315_s5.jpg?f=xxs, Kitchen
"SEKTION High cabinet for micro w 4 doors, 30x24x90 ""","High cabinet for micro w 4 doors,",389,https://www.ikea.com/us/en/images/products/sektion-high-cabinet-for-micro-w-4-doors-white-vallstena-white__1173032_pe893667_s5.jpg?f=xxs, Kitchen
"SEKTION / MAXIMERA Base cabinet with 2 drawers, 24x15x30 ""","Base cabinet with 2 drawers,",166,https://www.ikea.com/us/en/images/products/sektion-maximera-base-cabinet-with-2-drawers-white-vallstena-white__1172800_pe893545_s5.jpg?f=xxs, Kitchen
"ENHET Wall cb w 2 shlvs/doors, 24x12 3/4x30 ""","Wall cb w 2 shlvs/doors,",112,https://www.ikea.com/us/en/images/products/enhet-wall-cb-w-2-shlvs-doors-white-white-frame__1048208_pe843645_s5.jpg?f=xxs, Kitchen
"SEKTION Base cabinet f/sink & recycling, 30x24x30 ""","Base cabinet f/sink & recycling,",279,https://www.ikea.com/us/en/images/products/sektion-base-cabinet-f-sink-recycling-white-maximera-bodarp-gray-green__0769873_pe755456_s5.jpg?f=xxs, Kitchen
"SEKTION Wall cabinet with 2 glass doors, 30x15x40 ""","Wall cabinet with 2 glass doors,",253,https://www.ikea.com/us/en/images/products/sektion-wall-cabinet-with-2-glass-doors-white-enkoeping-white-wood-effect__1072980_pe855579_s5.jpg?f=xxs, Kitchen
"SEKTION / MAXIMERA Base cabinet with pull-out storage, 12x24x30 ""","Base cabinet with pull-out storage,",146,https://www.ikea.com/us/en/images/products/sektion-maximera-base-cabinet-with-pull-out-storage-white-vallstena-white__1172750_pe893438_s5.jpg?f=xxs, Kitchen
"SEKTION Base cabinet with wire baskets, 15x24x30 ""","Base cabinet with wire baskets,",149,https://www.ikea.com/us/en/images/products/sektion-base-cabinet-with-wire-baskets-white-vallstena-white__1172714_pe893583_s5.jpg?f=xxs, Kitchen
"SEKTION Base cabinet w 2 doors/2 drawers, 36x15x30 ""","Base cabinet w 2 doors/2 drawers,",252,https://www.ikea.com/us/en/images/products/sektion-base-cabinet-w-2-doors-2-drawers-white-vallstena-white__1172679_pe893483_s5.jpg?f=xxs, Kitchen
"SEKTION / MAXIMERA High cab w door/2 fronts/4 drawers, 24x24x80 ""","High cab w door/2 fronts/4 drawers,",528,https://www.ikea.com/us/en/images/products/sektion-maximera-high-cab-w-door-2-fronts-4-drawers-white-vallstena-white__1172995_pe893680_s5.jpg?f=xxs, Kitchen
"SEKTION / MAXIMERA Base cabinet w 2 doors/3 drawers, 30x15x30 ""","Base cabinet w 2 doors/3 drawers,",430,https://www.ikea.com/us/en/images/products/sektion-maximera-base-cabinet-w-2-doors-3-drawers-white-nickebo-matte-anthracite__1144589_pe881928_s5.jpg?f=xxs, Kitchen
"SEKTION / MAXIMERA Base cabinet with 3 drawers, 24x24x30 ""","Base cabinet with 3 drawers,",251,https://www.ikea.com/us/en/images/products/sektion-maximera-base-cabinet-with-3-drawers-white-vallstena-white__1172715_pe893501_s5.jpg?f=xxs, Kitchen
"SEKTION Base cabinet with shelves/2 doors, 30x24x30 ""","Base cabinet with shelves/2 doors,",154,https://www.ikea.com/us/en/images/products/sektion-base-cabinet-with-shelves-2-doors-white-vallstena-white__1172729_pe893508_s5.jpg?f=xxs, Kitchen
"SEKTION Base cabinet for sink + 2 doors, 36x24x30 ""","Base cabinet for sink + 2 doors,",156,https://www.ikea.com/us/en/images/products/sektion-base-cabinet-for-sink-2-doors-white-vallstena-white__1172805_pe893464_s5.jpg?f=xxs, Kitchen
"SEKTION / MAXIMERA Base cabinet with pull-out storage, 12x24x30 ""","Base cabinet with pull-out storage,",146,https://www.ikea.com/us/en/images/products/sektion-maximera-base-cabinet-with-pull-out-storage-white-vallstena-white__1172750_pe893438_s5.jpg?f=xxs, Kitchen
"SEKTION Base cabinet frame, 24x24x30 ""","Base cabinet frame,",70,https://www.ikea.com/us/en/images/products/sektion-base-cabinet-frame-white__0268620_pe406679_s5.jpg?f=xxs, Kitchen
"SEKTION Base cabinet with 3 drawers, 30x15x30 ""","Base cabinet with 3 drawers,",385,https://www.ikea.com/us/en/images/products/sektion-base-cabinet-with-3-drawers-white-maximera-axstad-matt-white__0670789_pe715783_s5.jpg?f=xxs, Kitchen
"SEKTION Corner base cabinet with carousel, 38x24x30 ""","Corner base cabinet with carousel,",270,https://www.ikea.com/us/en/images/products/sektion-corner-base-cabinet-with-carousel-white-vallstena-white__1173046_pe893689_s5.jpg?f=xxs, Kitchen
"SEKTION / MAXIMERA Base cab with 2 fronts/3 drawers, 24x24x30 ""","Base cab with 2 fronts/3 drawers,",272,https://www.ikea.com/us/en/images/products/sektion-maximera-base-cab-with-2-fronts-3-drawers-white-vallstena-white__1172730_pe893509_s5.jpg?f=xxs, Kitchen
"SEKTION Base cabinet w 2 doors/2 drawers, 36x15x30 ""","Base cabinet w 2 doors/2 drawers,",252,https://www.ikea.com/us/en/images/products/sektion-base-cabinet-w-2-doors-2-drawers-white-vallstena-white__1172679_pe893483_s5.jpg?f=xxs, Kitchen
"SEKTION Base cabinet with shelves , 12x24x30 ""","Base cabinet with shelves ,",82,https://www.ikea.com/us/en/images/products/sektion-base-cabinet-with-shelves-white-vallstena-white__1172746_pe893435_s5.jpg?f=xxs, Kitchen
"SEKTION Base cabinet f/sink & recycling, 30x24x30 ""","Base cabinet f/sink & recycling,",279,https://www.ikea.com/us/en/images/products/sektion-base-cabinet-f-sink-recycling-white-maximera-bodarp-gray-green__0769873_pe755456_s5.jpg?f=xxs, Kitchen
"SEKTION Corner base cab w pull-out fitting, 47x24x30 ""","Corner base cab w pull-out fitting,",343,https://www.ikea.com/us/en/images/products/sektion-corner-base-cab-w-pull-out-fitting-white-enkoeping-white-wood-effect__1072741_pe855438_s5.jpg?f=xxs, Kitchen
"SEKTION / MAXIMERA Base cabinet with 1 door/3 drawers, 21x24x30 ""","Base cabinet with 1 door/3 drawers,",322,https://www.ikea.com/us/en/images/products/sektion-maximera-base-cabinet-with-1-door-3-drawers-white-enkoeping-white-wood-effect__1072835_pe855571_s5.jpg?f=xxs, Kitchen
"SEKTION / MAXIMERA Base cabinet w/3 fronts & 4 drawers, 24x24x30 ""","Base cabinet w/3 fronts & 4 drawers,",399,https://www.ikea.com/us/en/images/products/sektion-maximera-base-cabinet-w-3-fronts-4-drawers-white-bodarp-gray-green__0769959_pe755316_s5.jpg?f=xxs, Kitchen
"SEKTION Base cabinet with wire baskets, 15x24x30 ""","Base cabinet with wire baskets,",149,https://www.ikea.com/us/en/images/products/sektion-base-cabinet-with-wire-baskets-white-vallstena-white__1172714_pe893583_s5.jpg?f=xxs, Kitchen
"SEKTION Base cabinet with drawer/door, 24x24x30 ""","Base cabinet with drawer/door,",180,https://www.ikea.com/us/en/images/products/sektion-base-cabinet-with-drawer-door-white-vallstena-white__1172692_pe893489_s5.jpg?f=xxs, Kitchen
"SEKTION / MAXIMERA Base cabinet with 4 drawers, 15x24x30 ""","Base cabinet with 4 drawers,",211,https://www.ikea.com/us/en/images/products/sektion-maximera-base-cabinet-with-4-drawers-white-vallstena-white__1172764_pe893527_s5.jpg?f=xxs, Kitchen
"SEKTION / MAXIMERA Base cabinet with 2 drawers, 24x15x30 ""","Base cabinet with 2 drawers,",166,https://www.ikea.com/us/en/images/products/sektion-maximera-base-cabinet-with-2-drawers-white-vallstena-white__1172800_pe893545_s5.jpg?f=xxs, Kitchen
"SEKTION / MAXIMERA Base cab f recycling/1 door, 18x24x30 ""","Base cab f recycling/1 door,",180,https://www.ikea.com/us/en/images/products/sektion-maximera-base-cab-f-recycling-1-door-white-vallstena-white__1172794_pe893542_s5.jpg?f=xxs, Kitchen
"SEKTION Base cabinet with drawer/2 doors, 30x24x30 ""","Base cabinet with drawer/2 doors,",215,https://www.ikea.com/us/en/images/products/sektion-base-cabinet-with-drawer-2-doors-white-vallstena-white__1172742_pe893433_s5.jpg?f=xxs, Kitchen
"SEKTION Base cabinet f/sink & waste sorting, 24x24x30 ""","Base cabinet f/sink & waste sorting,",327,https://www.ikea.com/us/en/images/products/sektion-base-cabinet-f-sink-waste-sorting-white-maximera-axstad-matt-white__0670882_pe715841_s5.jpg?f=xxs, Kitchen
"SEKTION / MAXIMERA Base cabinet 6 fronts/6 low drawers, 30x15x30 ""","Base cabinet 6 fronts/6 low drawers,",349,https://www.ikea.com/us/en/images/products/sektion-maximera-base-cabinet-6-fronts-6-low-drawers-white-vallstena-white__1172720_pe893503_s5.jpg?f=xxs, Kitchen
"SEKTION / MAXIMERA Base cabinet w 2 doors/3 drawers, 30x15x30 ""","Base cabinet w 2 doors/3 drawers,",430,https://www.ikea.com/us/en/images/products/sektion-maximera-base-cabinet-w-2-doors-3-drawers-white-nickebo-matte-anthracite__1144589_pe881928_s5.jpg?f=xxs, Kitchen
"SEKTION / MAXIMERA Base cabinet f/sink & waste sorting, 24x24x30 ""","Base cabinet f/sink & waste sorting,",367,https://www.ikea.com/us/en/images/products/sektion-maximera-base-cabinet-f-sink-waste-sorting-white-axstad-dark-gray__0775633_pe757277_s5.jpg?f=xxs, Kitchen
"SEKTION High cabinet with shelves/2 doors, 18x15x90 ""","High cabinet with shelves/2 doors,",240,https://www.ikea.com/us/en/images/products/sektion-high-cabinet-with-shelves-2-doors-white-vallstena-white__1172970_pe893660_s5.jpg?f=xxs, Kitchen
"SEKTION High cabinet frame, 30x24x90 ""","High cabinet frame,",175,https://www.ikea.com/us/en/images/products/sektion-high-cabinet-frame-white__0268580_pe406659_s5.jpg?f=xxs, Kitchen
"SEKTION / MAXIMERA High cab w door/2 fronts/4 drawers, 24x24x80 ""","High cab w door/2 fronts/4 drawers,",528,https://www.ikea.com/us/en/images/products/sektion-maximera-high-cab-w-door-2-fronts-4-drawers-white-vallstena-white__1172995_pe893680_s5.jpg?f=xxs, Kitchen
"SEKTION High cabinet with shelves/2 doors, 18x15x80 ""","High cabinet with shelves/2 doors,",219,https://www.ikea.com/us/en/images/products/sektion-high-cabinet-with-shelves-2-doors-white-vallstena-white__1172887_pe893711_s5.jpg?f=xxs, Kitchen
"SEKTION High cabinet with pull-out pantry, 24x24x90 ""","High cabinet with pull-out pantry,",673,https://www.ikea.com/us/en/images/products/sektion-high-cabinet-with-pull-out-pantry-white-vallstena-white__1172946_pe893784_s5.jpg?f=xxs, Kitchen
"SEKTION High cabinet with shelves/4 doors, 30x24x90 ""","High cabinet with shelves/4 doors,",391,https://www.ikea.com/us/en/images/products/sektion-high-cabinet-with-shelves-4-doors-white-vallstena-white__1172925_pe893633_s5.jpg?f=xxs, Kitchen
"SEKTION High cb w 2 doors/shelves/5 drawers, 15x24x90 ""","High cb w 2 doors/shelves/5 drawers,",499,https://www.ikea.com/us/en/images/products/sektion-high-cb-w-2-doors-shelves-5-drawers-white-vallstena-white__1173084_pe893765_s5.jpg?f=xxs, Kitchen
"SEKTION / MAXIMERA High cab w 2drs/2 fronts/4 drawers, 30x24x90 ""","High cab w 2drs/2 fronts/4 drawers,",951,https://www.ikea.com/us/en/images/products/sektion-maximera-high-cab-w-2drs-2-fronts-4-drawers-white-nickebo-matte-anthracite__1144616_pe881858_s5.jpg?f=xxs, Kitchen
"SEKTION High cabinet/pull-out int fittings, 15x24x80 ""","High cabinet/pull-out int fittings,",505,https://www.ikea.com/us/en/images/products/sektion-high-cabinet-pull-out-int-fittings-white-axstad-dark-gray__0971405_pe811315_s5.jpg?f=xxs, Kitchen
"SEKTION High cabinet with shelves/4 doors, 30x24x80 ""","High cabinet with shelves/4 doors,",362,https://www.ikea.com/us/en/images/products/sektion-high-cabinet-with-shelves-4-doors-white-vallstena-white__1172945_pe893643_s5.jpg?f=xxs, Kitchen
"SEKTION High cabinet w door/wire baskets, 15x24x80 ""","High cabinet w door/wire baskets,",281,https://www.ikea.com/us/en/images/products/sektion-high-cabinet-w-door-wire-baskets-white-vallstena-white__1173072_pe893757_s5.jpg?f=xxs, Kitchen
"SEKTION High cab w 2 drs/3 fronts/5 drawers, 30x24x90 ""","High cab w 2 drs/3 fronts/5 drawers,","1,157",https://www.ikea.com/us/en/images/products/sektion-high-cab-w-2-drs-3-fronts-5-drawers-white-axstad-matt-white__0670796_pe715709_s5.jpg?f=xxs, Kitchen
"SEKTION / MAXIMERA High cb w 2 doors/shelves/4 drawers, 18x15x90 ""","High cb w 2 doors/shelves/4 drawers,",448,https://www.ikea.com/us/en/images/products/sektion-maximera-high-cb-w-2-doors-shelves-4-drawers-white-vallstena-white__1173091_pe893749_s5.jpg?f=xxs, Kitchen
"SEKTION / MAXIMERA Hc w p-o func 1dr/4drw, 15x24x80 ""","Hc w p-o func 1dr/4drw,",434,https://www.ikea.com/us/en/images/products/sektion-maximera-hc-w-p-o-func-1dr-4drw-white-enkoeping-brown-walnut-effect__1070146_pe854298_s5.jpg?f=xxs, Kitchen
"SEKTION High cab w 2 drs/3 fronts/5 drawers, 30x24x80 ""","High cab w 2 drs/3 fronts/5 drawers,",671,https://www.ikea.com/us/en/images/products/sektion-high-cab-w-2-drs-3-fronts-5-drawers-white-vallstena-white__1172884_pe893709_s5.jpg?f=xxs, Kitchen
"SEKTION / MAXIMERA High cabinet w 4 doors/5 drawers, 30x24x90 ""","High cabinet w 4 doors/5 drawers,","1,245",https://www.ikea.com/us/en/images/products/sektion-maximera-high-cabinet-w-4-doors-5-drawers-white-axstad-matt-white__1050779_pe845317_s5.jpg?f=xxs, Kitchen
"SEKTION / MAXIMERA High cab w door/3 fronts/5 drawers, 24x24x80 ""","High cab w door/3 fronts/5 drawers,",870,https://www.ikea.com/us/en/images/products/sektion-maximera-high-cab-w-door-3-fronts-5-drawers-white-axstad-matt-white__0670786_pe715705_s5.jpg?f=xxs, Kitchen
"SEKTION / MAXIMERA Hi cb w glass dr/2 drawers/1 door, 18x15x80 ""","Hi cb w glass dr/2 drawers/1 door,",389,https://www.ikea.com/us/en/images/products/sektion-maximera-hi-cb-w-glass-dr-2-drawers-1-door-white-enkoeping-white-wood-effect__1072868_pe855236_s5.jpg?f=xxs, Kitchen
"SEKTION / MAXIMERA Hc w p-o func 4drw/1dr/2shlv, 15x24x90 ""","Hc w p-o func 4drw/1dr/2shlv,",423,https://www.ikea.com/us/en/images/products/sektion-maximera-hc-w-p-o-func-4drw-1dr-2shlv-white-veddinge-white__1020612_pe831922_s5.jpg?f=xxs, Kitchen
"SEKTION / MAXIMERA High cab w door/3 fronts/5 drawers, 15x24x80 ""","High cab w door/3 fronts/5 drawers,",517,https://www.ikea.com/us/en/images/products/sektion-maximera-high-cab-w-door-3-fronts-5-drawers-white-enkoeping-white-wood-effect__1072951_pe855292_s5.jpg?f=xxs, Kitchen
"SEKTION High cabinet w glass door/2 doors, 18x15x90 ""","High cabinet w glass door/2 doors,",359,https://www.ikea.com/us/en/images/products/sektion-high-cabinet-w-glass-door-2-doors-white-enkoeping-white-wood-effect__1072861_pe855603_s5.jpg?f=xxs, Kitchen
"SEKTION / MAXIMERA High cb w 2 glass drs/3 drawers, 18x15x90 ""","High cb w 2 glass drs/3 drawers,",953,https://www.ikea.com/us/en/images/products/sektion-maximera-high-cb-w-2-glass-drs-3-drawers-white-vedhamn-oak__1037644_pe838859_s5.jpg?f=xxs, Kitchen
"SEKTION / MAXIMERA High cab w 2drs/2 fronts/4 drawers, 15x15x90 ""","High cab w 2drs/2 fronts/4 drawers,",655,https://www.ikea.com/us/en/images/products/sektion-maximera-high-cab-w-2drs-2-fronts-4-drawers-white-ringhult-white__0298802_pe507315_s5.jpg?f=xxs, Kitchen
"SEKTION / MAXIMERA Hi cb w glass dr/2 drwrs/2 doors, 15x15x90 ""","Hi cb w glass dr/2 drwrs/2 doors,",600,https://www.ikea.com/us/en/images/products/sektion-maximera-hi-cb-w-glass-dr-2-drwrs-2-doors-white-bodbyn-gray__0298752_pe507265_s5.jpg?f=xxs, Kitchen
ANTILOP High chair with tray,High chair with tray,19,https://www.ikea.com/us/en/images/products/antilop-high-chair-with-tray-white-silver-color__0727481_pe735706_s5.jpg?f=xxs, Kids
"SNIGLAR Crib, 27 1/2x52 ""","Crib,",119,https://www.ikea.com/us/en/images/products/sniglar-crib-beech__0637930_pe698615_s5.jpg?f=xxs, Kids
"TROLLDOM 3-piece bedlinen set for crib, 27 1/2x52 ""","3-piece bedlinen set for crib,",24,https://www.ikea.com/us/en/images/products/trolldom-3-piece-bedlinen-set-for-crib-forest-animal-pattern-multicolor__1008247_pe826854_s5.jpg?f=xxs, Kids
LaTTSAM Baby bath,Baby bath,14,https://www.ikea.com/us/en/images/products/laettsam-baby-bath-white-green__0712337_pe728742_s5.jpg?f=xxs, Kids
"SKaTSAM Changing pad, 21x31x1 ""","Changing pad,",8,https://www.ikea.com/us/en/images/products/skoetsam-changing-pad-white__0606115_pe682035_s5.jpg?f=xxs, Kids
"JaTTEBJaRN Organizer, 19 ax13 ax3 a ""","Organizer,",4,https://www.ikea.com/us/en/images/products/jaettebjoern-organizer-white-gray__1240405_pe919364_s5.jpg?f=xxs, Kids
"KRAMA Washcloth, 12x12 ""","Washcloth,",4,https://www.ikea.com/us/en/images/products/krama-washcloth-white__0711390_pe728181_s5.jpg?f=xxs, Kids
UPPLYST LED wall lamp,LED wall lamp,19,https://www.ikea.com/us/en/images/products/upplyst-led-wall-lamp-cloud-white__0716259_pe730767_s5.jpg?f=xxs, Kids
LANGUR Padded seat cover for high chair,Padded seat cover for high chair,10,https://www.ikea.com/us/en/images/products/langur-padded-seat-cover-for-high-chair-yellow__0514141_pe639326_s5.jpg?f=xxs, Kids
"DOPPA Bathtub mat, 13x33 ""","Bathtub mat,",9,https://www.ikea.com/us/en/images/products/doppa-bathtub-mat-light-gray__0372006_pe553646_s5.jpg?f=xxs, Kids
"DRaMSLOTT Baby blanket, 31x39 ""","Baby blanket,",14,https://www.ikea.com/us/en/images/products/droemslott-baby-blanket-puppy-pattern-dot-pattern-multicolor__1056643_pe848441_s5.jpg?f=xxs, Kids
"SNIGLAR Changing table, 28 3/8x20 7/8 ""","Changing table,",39,https://www.ikea.com/us/en/images/products/sniglar-changing-table-beech-white__0627303_pe693287_s5.jpg?f=xxs, Kids
"TROFAST Storage combination with boxes, 39x17 3/8x22 ""","Storage combination with boxes,",79,https://www.ikea.com/us/en/images/products/trofast-storage-combination-with-boxes-white-white__0535774_pe649629_s5.jpg?f=xxs, Kids
MaLA Easel,Easel,19,https://www.ikea.com/us/en/images/products/mala-easel-softwood__0995590_pe821771_s5.jpg?f=xxs, Kids
MaLA Chalk,Chalk,1,https://www.ikea.com/us/en/images/products/mala-chalk-mixed-colors__0712621_pe728935_s5.jpg?f=xxs, Kids
POaNG Kid's armchair,Kid's armchair,39,https://www.ikea.com/us/en/images/products/poaeng-kids-armchair-birch-veneer-knisa-light-beige__0945683_pe797767_s5.jpg?f=xxs, Kids
"VESSLA Storage crate with casters, 15 ax15 a ""","Storage crate with casters,",5,https://www.ikea.com/us/en/images/products/vessla-storage-crate-with-casters-white__0711041_pe727917_s5.jpg?f=xxs, Kids
"DUKTIG Play kitchen, 28 3/8x15 3/4x42 7/8 ""","Play kitchen,",79,https://www.ikea.com/us/en/images/products/duktig-play-kitchen-birch__0756010_pe754469_s5.jpg?f=xxs, Kids
STRANDMON Children's armchair,Children's armchair,99,https://www.ikea.com/us/en/images/products/strandmon-childrens-armchair-vissle-gray__0729754_pe737122_s5.jpg?f=xxs, Kids
"AFTONSPARV Box, 13x15x13 ""","Box,",4,https://www.ikea.com/us/en/images/products/aftonsparv-box-space-multicolor__1219300_pe913348_s5.jpg?f=xxs, Kids
"TROFAST Storage combination with boxes, 36 5/8x17 3/8x20 1/2 ""","Storage combination with boxes,",120,https://www.ikea.com/us/en/images/products/trofast-storage-combination-with-boxes-light-white-stained-pine-white__0351184_pe547497_s5.jpg?f=xxs, Kids
"SNIGLAR Crib, 27 1/2x52 ""","Crib,",119,https://www.ikea.com/us/en/images/products/sniglar-crib-beech__0637930_pe698615_s5.jpg?f=xxs, Kids
"SUNDVIK Crib, 27 1/2x52 ""","Crib,",279,https://www.ikea.com/us/en/images/products/sundvik-crib-white__0637935_pe698620_s5.jpg?f=xxs, Kids
"aLSKVaRD Crib, 27 1/2x52 ""","Crib,",299,https://www.ikea.com/us/en/images/products/aelskvaerd-crib-birch-white__1054874_pe847900_s5.jpg?f=xxs, Kids
"SMaSTAD Changing table, 35 3/8x31 1/2x39 3/8 ""","Changing table,",299,https://www.ikea.com/us/en/images/products/smastad-changing-table-white-white-with-3-drawers__0925878_pe788937_s5.jpg?f=xxs, Kids
"SNIGLAR 2-piece baby furniture set, 27 1/2x52 ""","2-piece baby furniture set,",158,https://www.ikea.com/us/en/images/products/sniglar-2-piece-baby-furniture-set-beech__1191089_pe900453_s5.jpg?f=xxs, Kids
ANTILOP High chair with tray,High chair with tray,19,https://www.ikea.com/us/en/images/products/antilop-high-chair-with-tray-white-silver-color__0727481_pe735706_s5.jpg?f=xxs, Kids
"SMaSTAD / UPPFaRA Wardrobe, 70 7/8x25 5/8x53 1/2 ""","Wardrobe,",578,https://www.ikea.com/us/en/images/products/smastad-uppfoera-wardrobe-white-white-with-2-chests-of-drawers__1268551_pe928790_s5.jpg?f=xxs, Kids
"TROFAST Storage combination with boxes, 36 5/8x17 3/8x20 1/2 ""","Storage combination with boxes,",159,https://www.ikea.com/us/en/images/products/trofast-storage-combination-with-boxes-light-white-stained-pine-light-green-gray__1087975_pe860969_s5.jpg?f=xxs, Kids
BERGIG Book display with storage,Book display with storage,129,https://www.ikea.com/us/en/images/products/bergig-book-display-with-storage-white__0844238_pe783371_s5.jpg?f=xxs, Kids
GULLIVER Changing table,Changing table,99,https://www.ikea.com/us/en/images/products/gulliver-changing-table-white__0627306_pe693289_s5.jpg?f=xxs, Kids
"VaDRA Changing pad, 18 7/8x29 1/8 ""","Changing pad,",25,https://www.ikea.com/us/en/images/products/vaedra-changing-pad__0606116_pe682034_s5.jpg?f=xxs, Kids
"aNSKLIG Racks for changing table, set of 4","Racks for changing table, set of 4",12,https://www.ikea.com/us/en/images/products/oensklig-racks-for-changing-table-set-of-4-white__0711380_pe728172_s5.jpg?f=xxs, Kids
"VaDRA Changing pad, 18 7/8x29 1/8 ""","Changing pad,",25,https://www.ikea.com/us/en/images/products/vaedra-changing-pad__0606116_pe682034_s5.jpg?f=xxs, Kids
ANTILOP High chair with tray,High chair with tray,19,https://www.ikea.com/us/en/images/products/antilop-high-chair-with-tray-white-silver-color__0727481_pe735706_s5.jpg?f=xxs, Kids
"GODISHUS 3-drawer chest, 23 5/8x25 1/4 ""","3-drawer chest,",79,https://www.ikea.com/us/en/images/products/godishus-3-drawer-chest-white__0721186_pe735626_s5.jpg?f=xxs, Kids
"SNIGLAR Crib, 27 1/2x52 ""","Crib,",119,https://www.ikea.com/us/en/images/products/sniglar-crib-beech__0637930_pe698615_s5.jpg?f=xxs, Kids
"SNIGLAR Changing table, 28 3/8x20 7/8 ""","Changing table,",39,https://www.ikea.com/us/en/images/products/sniglar-changing-table-beech-white__0627303_pe693287_s5.jpg?f=xxs, Kids
"SMaGaRA Shelf unit, 11 3/8x34 5/8 ""","Shelf unit,",24,https://www.ikea.com/us/en/images/products/smagoera-shelf-unit-white__0772937_pe756154_s5.jpg?f=xxs, Kids
"GODISHUS Wardrobe, 23 5/8x21 1/4x70 1/8 ""","Wardrobe,",149,https://www.ikea.com/us/en/images/products/godishus-wardrobe-white__1246172_pe922030_s5.jpg?f=xxs, Kids
"TROFAST Wall storage, 39x8 ax11 a ""","Wall storage,",63,https://www.ikea.com/us/en/images/products/trofast-wall-storage-white-white__0625367_pe692229_s5.jpg?f=xxs, Kids
"TROFAST Storage combination with boxes, 39x17 3/8x22 ""","Storage combination with boxes,",79,https://www.ikea.com/us/en/images/products/trofast-storage-combination-with-boxes-white-white__0535774_pe649629_s5.jpg?f=xxs, Kids
"TROFAST Storage combination with boxes, 36 5/8x17 3/8x20 1/2 ""","Storage combination with boxes,",120,https://www.ikea.com/us/en/images/products/trofast-storage-combination-with-boxes-light-white-stained-pine-white__0351184_pe547497_s5.jpg?f=xxs, Kids
"TROFAST Storage combination with boxes, 39x17 3/8x37 ""","Storage combination with boxes,",103,https://www.ikea.com/us/en/images/products/trofast-storage-combination-with-boxes-white__0545786_pe655692_s5.jpg?f=xxs, Kids
"TROFAST Storage combination with boxes, 39x17 3/8x22 ""","Storage combination with boxes,",85,https://www.ikea.com/us/en/images/products/trofast-storage-combination-with-boxes-white-white__0535760_pe649618_s5.jpg?f=xxs, Kids
"TROFAST Storage combination with boxes, 36 5/8x17 3/8x20 1/2 ""","Storage combination with boxes,",159,https://www.ikea.com/us/en/images/products/trofast-storage-combination-with-boxes-light-white-stained-pine-light-green-gray__1087975_pe860969_s5.jpg?f=xxs, Kids
"TROFAST Storage combination with boxes, 18 1/8x11 3/4x37 ""","Storage combination with boxes,",71,https://www.ikea.com/us/en/images/products/trofast-storage-combination-with-boxes-white-white__0535890_pe649685_s5.jpg?f=xxs, Kids
BERGIG Book display with storage,Book display with storage,129,https://www.ikea.com/us/en/images/products/bergig-book-display-with-storage-white__0844238_pe783371_s5.jpg?f=xxs, Kids
"TROFAST Storage combination with boxes, 18 1/8x11 3/4x57 1/8 ""","Storage combination with boxes,",89,https://www.ikea.com/us/en/images/products/trofast-storage-combination-with-boxes-white-white__0535803_pe649638_s5.jpg?f=xxs, Kids
"TROFAST Storage combination with boxes, 36 5/8x17 3/8x20 1/2 ""","Storage combination with boxes,",126,https://www.ikea.com/us/en/images/products/trofast-storage-combination-with-boxes-light-white-stained-pine-white__0351236_pe547495_s5.jpg?f=xxs, Kids
"TROFAST Wall storage, 36 5/8x8 1/4x11 3/4 ""","Wall storage,",78,https://www.ikea.com/us/en/images/products/trofast-wall-storage-light-white-stained-pine-white__0642814_pe701455_s5.jpg?f=xxs, Kids
"TROFAST Storage combination, 37x17 3/8x35 7/8 ""","Storage combination,",143,https://www.ikea.com/us/en/images/products/trofast-storage-combination-light-white-stained-pine-white__0351126_pe547506_s5.jpg?f=xxs, Kids
"TROFAST Storage combination with boxes, 39x17 3/8x22 ""","Storage combination with boxes,",118,https://www.ikea.com/us/en/images/products/trofast-storage-combination-with-boxes-white-gray-blue__1087963_pe860976_s5.jpg?f=xxs, Kids
"TROFAST Storage combination with boxes, 39x17 3/8x22 ""","Storage combination with boxes,",73,https://www.ikea.com/us/en/images/products/trofast-storage-combination-with-boxes-white-white__0383745_pe558437_s5.jpg?f=xxs, Kids
"TROFAST Storage combination with boxes, 39x17 3/8x22 ""","Storage combination with boxes,",118,https://www.ikea.com/us/en/images/products/trofast-storage-combination-with-boxes-gray-dark-gray__1224126_pe914854_s5.jpg?f=xxs, Kids
"TROFAST Storage box, 16 ax11 ax9 ""","Storage box,",4,https://www.ikea.com/us/en/images/products/trofast-storage-box-white__0624261_pe691758_s5.jpg?f=xxs, Kids
"TROFAST Storage combination with boxes, 18 1/8x11 3/4x37 ""","Storage combination with boxes,",73,https://www.ikea.com/us/en/images/products/trofast-storage-combination-with-boxes-white-white-gray__0807932_pe770606_s5.jpg?f=xxs, Kids
"TROFAST Storage combination with boxes, 17 3/8x11 3/4x35 7/8 ""","Storage combination with boxes,",86,https://www.ikea.com/us/en/images/products/trofast-storage-combination-with-boxes-light-white-stained-pine-white__0351238_pe547494_s5.jpg?f=xxs, Kids
"TROFAST Frame, 39x17 3/8x22 ""","Frame,",58,https://www.ikea.com/us/en/images/products/trofast-frame-white__0642668_pe701350_s5.jpg?f=xxs, Kids
"TROFAST Storage combination with box/trays, 13 3/8x17 3/8x22 ""","Storage combination with box/trays,",61,https://www.ikea.com/us/en/images/products/trofast-storage-combination-with-box-trays-white-gray-white__1085163_pe860004_s5.jpg?f=xxs, Kids
"TROFAST Wall storage, 39x8 ax11 a ""","Wall storage,",63,https://www.ikea.com/us/en/images/products/trofast-wall-storage-white-white__0625367_pe692229_s5.jpg?f=xxs, Kids
SMUSSLA Bedside table/shelf unit,Bedside table/shelf unit,39,https://www.ikea.com/us/en/images/products/smussla-bedside-table-shelf-unit-white__0931281_pe791191_s5.jpg?f=xxs, Kids
"TROFAST Wall storage, 12 5/8x8 1/4x11 3/4 ""","Wall storage,",36,https://www.ikea.com/us/en/images/products/trofast-wall-storage-light-white-stained-pine-gray-blue__1088448_pe861167_s5.jpg?f=xxs, Kids
"TROFAST Storage combination with boxes, 18 1/8x11 3/4x57 1/8 ""","Storage combination with boxes,",93,https://www.ikea.com/us/en/images/products/trofast-storage-combination-with-boxes-white-white-gray__0807693_pe770484_s5.jpg?f=xxs, Kids
"TROFAST Storage box, 16 ax11 ax4 ""","Storage box,",3,https://www.ikea.com/us/en/images/products/trofast-storage-box-white__0642580_pe701272_s5.jpg?f=xxs, Kids
"GODISHUS 3-drawer chest, 23 5/8x25 1/4 ""","3-drawer chest,",79,https://www.ikea.com/us/en/images/products/godishus-3-drawer-chest-white__0721186_pe735626_s5.jpg?f=xxs, Kids
"SMaSTAD / UPPFaRA 6-drawer chest, 23 5/8x25 5/8x53 1/2 ""","6-drawer chest,",315,https://www.ikea.com/us/en/images/products/smastad-uppfoera-6-drawer-chest-white-white__1268478_pe928753_s5.jpg?f=xxs, Kids
"SMaSTAD / UPPFaRA 3-drawer chest, 23 5/8x25 5/8x29 7/8 ""","3-drawer chest,",205,https://www.ikea.com/us/en/images/products/smastad-uppfoera-3-drawer-chest-white-gray__1268385_pe928730_s5.jpg?f=xxs, Kids
"SMaSTAD Bench with toy storage, 35 3/8x20 1/2x18 7/8 ""","Bench with toy storage,",99,https://www.ikea.com/us/en/images/products/smastad-bench-with-toy-storage-white-white__0918197_pe786134_s5.jpg?f=xxs, Kids
"SMaSTAD / UPPFaRA 6-drawer chest, 23 5/8x25 5/8x53 1/2 ""","6-drawer chest,",325,https://www.ikea.com/us/en/images/products/smastad-uppfoera-6-drawer-chest-white-with-frame__1268477_pe928751_s5.jpg?f=xxs, Kids
"SMaSTAD / UPPFaRA 6-drawer chest, 23 5/8x25 5/8x53 1/2 ""","6-drawer chest,",315,https://www.ikea.com/us/en/images/products/smastad-uppfoera-6-drawer-chest-white-gray__1268479_pe928752_s5.jpg?f=xxs, Kids
"SMaSTAD / UPPFaRA 3-drawer chest, 23 5/8x25 5/8x29 7/8 ""","3-drawer chest,",205,https://www.ikea.com/us/en/images/products/smastad-uppfoera-3-drawer-chest-white-white__1268386_pe928728_s5.jpg?f=xxs, Kids
"SMaSTAD / UPPFaRA 3-drawer chest, 23 5/8x25 5/8x29 7/8 ""","3-drawer chest,",210,https://www.ikea.com/us/en/images/products/smastad-uppfoera-3-drawer-chest-white-white-with-frame__1268387_pe928729_s5.jpg?f=xxs, Kids
"SMaSTAD Bench with toy storage, 35 3/8x20 1/2x18 7/8 ""","Bench with toy storage,",99,https://www.ikea.com/us/en/images/products/smastad-bench-with-toy-storage-white-gray__0918195_pe786135_s5.jpg?f=xxs, Kids







